{
  "type": "object",
  "subtab": {
    "id": "ttpacejet",
    "title": "Pacejet Configuration",
    "docRef": "",
    "description": "",
    "group": "integrations"
  }
,	"properties": {
  "pacejet.subsidiaryId": {
    "group": "integrations"
  ,	"subtab": "ttpacejet"
  ,	"type": "string"
  ,	"title": "Subsidiary"
  ,	"description": "Enter the internal id of the subsidiary to be used in the request to PJ."
  ,	"default": "-1"
  },
  "pacejet.flatRateFieldId": {
    "group": "integrations"
  ,	"subtab": "ttpacejet"
  ,	"type": "string"
  ,	"title": "Pacejet Flat Rate Field"
  ,	"description": "Enter the internal id of the field to be used as the flat rate amount."
  ,	"default": ""
  }
,	"pacejet.lengthFieldId": {
    "group": "integrations"
  ,	"subtab": "ttpacejet"
  ,	"type": "string"
  ,	"title": "Pacejet Length Field"
  ,	"description": "Enter the internal id of the field to be used as the Length."
  ,	"default": ""
  }
,	"pacejet.widthFieldId": {
    "group": "integrations"
  ,	"subtab": "ttpacejet"
  ,	"type": "string"
  ,	"title": "Pacejet Width Field"
  ,	"description": "Enter the internal id of the field to be used as the Width."
  ,	"default": ""
  }
,	"pacejet.heightFieldId": {
    "group": "integrations"
  ,	"subtab": "ttpacejet"
  ,	"type": "string"
  ,	"title": "Pacejet Height Field"
  ,	"description": "Enter the internal id of the field to be used as the Height."
  ,	"default": ""
  }
,   "pacejet.commodityFieldId" : {
    "group": "integrations"
  ,	"subtab": "ttpacejet"
  ,	"type": "string"
  ,	"title": "Commodity Name Field id"
  ,	"description": "Enter the internal id of the field to be used as the Commodity name."
  ,	"default": ""
  }

,   "pacejet.pacejetLicenseKey" : {
    "group": "integrations"
  ,	"subtab": "ttpacejet"
  ,	"type": "string"
  ,	"title": "Pacejet Licence Key"
  ,	"description": "Enter the value of the pacejet Licence Key."
  ,	"default": ""
  }
,
  "pacejet.pacejetLocation" : {
    "group": "integrations"
  ,	"subtab": "ttpacejet"
  ,	"type": "string"
  ,	"title": "Pacejet Pacejet Location"
  ,	"description": "Enter the Value of the pacejet Location"
  ,	"default": ""
  }
,   "pacejet.upsLicenseId" : {
    "group": "integrations"
  ,	"subtab": "ttpacejet"
  ,	"type": "string"
  ,	"title": "UPS Licence ID"
  ,	"description": "Enter the value of the UPS Licence ID"
  ,	"default": ""
  }
,   "pacejet.companyName" : {
    "group": "integrations"
  ,	"subtab": "ttpacejet"
  ,	"type": "string"
  ,	"title": "Company name"
  ,	"description": ""
  ,	"default": ""
  }
,   "pacejet.address1" : {
    "group": "integrations"
  ,	"subtab": "ttpacejet"
  ,	"type": "string"
  ,	"title": "Address1"
  ,	"description": ""
  ,	"default": ""
  }
,   "pacejet.city" : {
    "group": "integrations"
  ,	"subtab": "ttpacejet"
  ,	"type": "string"
  ,	"title": "City"
  ,	"description": ""
  ,	"default": ""
  }
,   "pacejet.state" : {
    "group": "integrations"
  ,	"subtab": "ttpacejet"
  ,	"type": "string"
  ,	"title": "State Or ProvinceCode"
  ,	"description": ""
  ,	"default": ""
  }

,   "pacejet.postalCode" : {
    "group": "integrations"
  ,	"subtab": "ttpacejet"
  ,	"type": "string"
  ,	"title": "Postal Code"
  ,	"description": ""
  ,	"default": ""
  }
,   "pacejet.countryCode" : {
    "group": "integrations"
  ,	"subtab": "ttpacejet"
  ,	"type": "string"
  ,	"title": "Country Code"
  ,	"description": ""
  ,	"default": ""
  }
,   "pacejet.contactName" : {
    "group": "integrations"
  ,	"subtab": "ttpacejet"
  ,	"type": "string"
  ,	"title": "Contact Name"
  ,	"description": ""
  ,	"default": ""
  }
,   "pacejet.email" : {
    "group": "integrations"
  ,	"subtab": "ttpacejet"
  ,	"type": "string"
  ,	"title": "Email"
  ,	"description": ""
  ,	"default": ""
  }
,   "pacejet.phone" : {
    "group": "integrations"
  ,	"subtab": "ttpacejet"
  ,	"type": "string"
  ,	"title": "Phone"
  ,	"description": ""
  ,	"default": ""
  }
,   "pacejet.shipMode" : {
    "group": "integrations"
  ,	"subtab": "ttpacejet"
  ,	"type": "string"
  ,	"title": "Ship Mode"
  ,	"description": "Show LTL options only for orders over: xxx pounds"
  ,	"default": true
  }
  ,   "pacejet.sortLowToHigh" : {
    "group": "integrations"
  ,	"subtab": "ttpacejet"
  ,	"type": "boolean"
  ,	"title": "Sort"
  ,	"description": "Check this box to sort Shipping methods from low to high price"
  ,	"default": ""
  }
,   "pacejet.priceFieldToUse" : {
    "group": "integrations"
  ,	"subtab": "ttpacejet"
  , "title": "Freight Pricing"
  , "description": "Select Freight Pricing PJ response"
  , "enum" : ["listFreight", "consigneeFreight"]
  , "default" : "consigneeFreight"
  , "multiselect" : false

  }
  ,  "pacejet.showLtlOver" : {
     "group": "integrations"
    ,	"subtab": "ttpacejet"
    ,	"type": "string"
    ,	"title": "Show LTL shipping on order over"
    ,	"description": "Show LTL shipping on order over"
    ,	"default": "150"

  }
,   "pacejet.apiUrl" : {
    "group": "integrations"
  ,	"subtab": "ttpacejet"
  ,	"type": "string"
  ,	"title": "Api URL"
  ,	"description": ""
  ,	"default": "https://api.pacejet.cc/Rates?api-version=2.0"
  }
,   "pacejet.useLocation" : {
    "group": "integrations"
  ,	"subtab": "ttpacejet"
  ,	"type": "boolean"
  ,	"title": "Use Location"
  ,	"description": "Check this box to use Location instead of ShipFrom information"
  ,	"default": false
  }

,   "pacejet.locationType" : {
    "group": "integrations"
  ,	"subtab": "ttpacejet"
  ,	"type": "string"
  ,	"title": "Location Type"
  ,	"description": ""
  ,	"default": ""
  }
,   "pacejet.locationSite" : {
    "group": "integrations"
  ,	"subtab": "ttpacejet"
  ,	"type": "string"
  ,	"title": "Location Site"
  ,	"description": ""
  ,	"default": ""
  }
,   "pacejet.locationCode" : {
    "group": "integrations"
  ,	"subtab": "ttpacejet"
  ,	"type": "string"
  ,	"title": "Location Code"
  ,	"description": ""
  ,	"default": ""
  }
}
}
